"tile_id","epsg","utm_zone","ul_x","ul_y"
"32NKF",32632,"+proj=utm +zone=32 +datum=WGS84 +units=m +no_defs",199980,100020
"32NKG",32632,"+proj=utm +zone=32 +datum=WGS84 +units=m +no_defs",199980,200040
"32NKH",32632,"+proj=utm +zone=32 +datum=WGS84 +units=m +no_defs",199980,3e+05
"32NKJ",32632,"+proj=utm +zone=32 +datum=WGS84 +units=m +no_defs",199980,400020
"32NKK",32632,"+proj=utm +zone=32 +datum=WGS84 +units=m +no_defs",199980,500040
"32NKL",32632,"+proj=utm +zone=32 +datum=WGS84 +units=m +no_defs",199980,6e+05
"32NKM",32632,"+proj=utm +zone=32 +datum=WGS84 +units=m +no_defs",199980,700020
"32NKN",32632,"+proj=utm +zone=32 +datum=WGS84 +units=m +no_defs",199980,800040
"32NKP",32632,"+proj=utm +zone=32 +datum=WGS84 +units=m +no_defs",199980,9e+05
"32NLF",32632,"+proj=utm +zone=32 +datum=WGS84 +units=m +no_defs",3e+05,100020
"32NLG",32632,"+proj=utm +zone=32 +datum=WGS84 +units=m +no_defs",3e+05,200040
"32NLH",32632,"+proj=utm +zone=32 +datum=WGS84 +units=m +no_defs",3e+05,3e+05
"32NLJ",32632,"+proj=utm +zone=32 +datum=WGS84 +units=m +no_defs",3e+05,400020
"32NLK",32632,"+proj=utm +zone=32 +datum=WGS84 +units=m +no_defs",3e+05,500040
"32NLL",32632,"+proj=utm +zone=32 +datum=WGS84 +units=m +no_defs",3e+05,6e+05
"32NLM",32632,"+proj=utm +zone=32 +datum=WGS84 +units=m +no_defs",3e+05,700020
"32NLN",32632,"+proj=utm +zone=32 +datum=WGS84 +units=m +no_defs",3e+05,800040
"32NLP",32632,"+proj=utm +zone=32 +datum=WGS84 +units=m +no_defs",3e+05,9e+05
"32NMF",32632,"+proj=utm +zone=32 +datum=WGS84 +units=m +no_defs",399960,100020
"32NMG",32632,"+proj=utm +zone=32 +datum=WGS84 +units=m +no_defs",399960,200040
"32NMH",32632,"+proj=utm +zone=32 +datum=WGS84 +units=m +no_defs",399960,3e+05
"32NMJ",32632,"+proj=utm +zone=32 +datum=WGS84 +units=m +no_defs",399960,400020
"32NMK",32632,"+proj=utm +zone=32 +datum=WGS84 +units=m +no_defs",399960,500040
"32NML",32632,"+proj=utm +zone=32 +datum=WGS84 +units=m +no_defs",399960,6e+05
"32NMM",32632,"+proj=utm +zone=32 +datum=WGS84 +units=m +no_defs",399960,700020
"32NMN",32632,"+proj=utm +zone=32 +datum=WGS84 +units=m +no_defs",399960,800040
"32NMP",32632,"+proj=utm +zone=32 +datum=WGS84 +units=m +no_defs",399960,9e+05
"32NNF",32632,"+proj=utm +zone=32 +datum=WGS84 +units=m +no_defs",499980,100020
"32NNG",32632,"+proj=utm +zone=32 +datum=WGS84 +units=m +no_defs",499980,200040
"32NNH",32632,"+proj=utm +zone=32 +datum=WGS84 +units=m +no_defs",499980,3e+05
"32NNJ",32632,"+proj=utm +zone=32 +datum=WGS84 +units=m +no_defs",499980,400020
"32NNK",32632,"+proj=utm +zone=32 +datum=WGS84 +units=m +no_defs",499980,500040
"32NNL",32632,"+proj=utm +zone=32 +datum=WGS84 +units=m +no_defs",499980,6e+05
"32NNM",32632,"+proj=utm +zone=32 +datum=WGS84 +units=m +no_defs",499980,700020
"32NNN",32632,"+proj=utm +zone=32 +datum=WGS84 +units=m +no_defs",499980,800040
"32NNP",32632,"+proj=utm +zone=32 +datum=WGS84 +units=m +no_defs",499980,9e+05
"32NPF",32632,"+proj=utm +zone=32 +datum=WGS84 +units=m +no_defs",6e+05,100020
"32NPG",32632,"+proj=utm +zone=32 +datum=WGS84 +units=m +no_defs",6e+05,200040
"32NPH",32632,"+proj=utm +zone=32 +datum=WGS84 +units=m +no_defs",6e+05,3e+05
"32NPJ",32632,"+proj=utm +zone=32 +datum=WGS84 +units=m +no_defs",6e+05,400020
"32NPK",32632,"+proj=utm +zone=32 +datum=WGS84 +units=m +no_defs",6e+05,500040
"32NPL",32632,"+proj=utm +zone=32 +datum=WGS84 +units=m +no_defs",6e+05,6e+05
"32NPM",32632,"+proj=utm +zone=32 +datum=WGS84 +units=m +no_defs",6e+05,700020
"32NPN",32632,"+proj=utm +zone=32 +datum=WGS84 +units=m +no_defs",6e+05,800040
"32NPP",32632,"+proj=utm +zone=32 +datum=WGS84 +units=m +no_defs",6e+05,9e+05
"32NQF",32632,"+proj=utm +zone=32 +datum=WGS84 +units=m +no_defs",699960,100020
"32NQG",32632,"+proj=utm +zone=32 +datum=WGS84 +units=m +no_defs",699960,200040
"32NQH",32632,"+proj=utm +zone=32 +datum=WGS84 +units=m +no_defs",699960,3e+05
"32NQJ",32632,"+proj=utm +zone=32 +datum=WGS84 +units=m +no_defs",699960,400020
"32NQK",32632,"+proj=utm +zone=32 +datum=WGS84 +units=m +no_defs",699960,500040
"32NQL",32632,"+proj=utm +zone=32 +datum=WGS84 +units=m +no_defs",699960,6e+05
"32NQM",32632,"+proj=utm +zone=32 +datum=WGS84 +units=m +no_defs",699960,700020
"32NQN",32632,"+proj=utm +zone=32 +datum=WGS84 +units=m +no_defs",699960,800040
"32NQP",32632,"+proj=utm +zone=32 +datum=WGS84 +units=m +no_defs",699960,9e+05
"32NRF",32632,"+proj=utm +zone=32 +datum=WGS84 +units=m +no_defs",799980,100020
"32NRG",32632,"+proj=utm +zone=32 +datum=WGS84 +units=m +no_defs",799980,200040
"32NRH",32632,"+proj=utm +zone=32 +datum=WGS84 +units=m +no_defs",799980,3e+05
"32NRJ",32632,"+proj=utm +zone=32 +datum=WGS84 +units=m +no_defs",799980,400020
"32NRK",32632,"+proj=utm +zone=32 +datum=WGS84 +units=m +no_defs",799980,500040
"32NRL",32632,"+proj=utm +zone=32 +datum=WGS84 +units=m +no_defs",799980,6e+05
"32NRM",32632,"+proj=utm +zone=32 +datum=WGS84 +units=m +no_defs",799980,700020
"32NRN",32632,"+proj=utm +zone=32 +datum=WGS84 +units=m +no_defs",799980,800040
"32NRP",32632,"+proj=utm +zone=32 +datum=WGS84 +units=m +no_defs",799980,9e+05
"32PKA",32632,"+proj=utm +zone=32 +datum=WGS84 +units=m +no_defs",199980,1600020
"32PKB",32632,"+proj=utm +zone=32 +datum=WGS84 +units=m +no_defs",199980,1700040
"32PKC",32632,"+proj=utm +zone=32 +datum=WGS84 +units=m +no_defs",199980,1800000
"32PKQ",32632,"+proj=utm +zone=32 +datum=WGS84 +units=m +no_defs",199980,1000020
"32PKR",32632,"+proj=utm +zone=32 +datum=WGS84 +units=m +no_defs",199980,1100040
"32PKS",32632,"+proj=utm +zone=32 +datum=WGS84 +units=m +no_defs",199980,1200000
"32PKT",32632,"+proj=utm +zone=32 +datum=WGS84 +units=m +no_defs",199980,1300020
"32PKU",32632,"+proj=utm +zone=32 +datum=WGS84 +units=m +no_defs",199980,1400040
"32PKV",32632,"+proj=utm +zone=32 +datum=WGS84 +units=m +no_defs",199980,1500000
"32PLA",32632,"+proj=utm +zone=32 +datum=WGS84 +units=m +no_defs",3e+05,1600020
"32PLB",32632,"+proj=utm +zone=32 +datum=WGS84 +units=m +no_defs",3e+05,1700040
"32PLC",32632,"+proj=utm +zone=32 +datum=WGS84 +units=m +no_defs",3e+05,1800000
"32PLQ",32632,"+proj=utm +zone=32 +datum=WGS84 +units=m +no_defs",3e+05,1000020
"32PLR",32632,"+proj=utm +zone=32 +datum=WGS84 +units=m +no_defs",3e+05,1100040
"32PLS",32632,"+proj=utm +zone=32 +datum=WGS84 +units=m +no_defs",3e+05,1200000
"32PLT",32632,"+proj=utm +zone=32 +datum=WGS84 +units=m +no_defs",3e+05,1300020
"32PLU",32632,"+proj=utm +zone=32 +datum=WGS84 +units=m +no_defs",3e+05,1400040
"32PLV",32632,"+proj=utm +zone=32 +datum=WGS84 +units=m +no_defs",3e+05,1500000
"32PMA",32632,"+proj=utm +zone=32 +datum=WGS84 +units=m +no_defs",399960,1600020
"32PMB",32632,"+proj=utm +zone=32 +datum=WGS84 +units=m +no_defs",399960,1700040
"32PMC",32632,"+proj=utm +zone=32 +datum=WGS84 +units=m +no_defs",399960,1800000
"32PMQ",32632,"+proj=utm +zone=32 +datum=WGS84 +units=m +no_defs",399960,1000020
"32PMR",32632,"+proj=utm +zone=32 +datum=WGS84 +units=m +no_defs",399960,1100040
"32PMS",32632,"+proj=utm +zone=32 +datum=WGS84 +units=m +no_defs",399960,1200000
"32PMT",32632,"+proj=utm +zone=32 +datum=WGS84 +units=m +no_defs",399960,1300020
"32PMU",32632,"+proj=utm +zone=32 +datum=WGS84 +units=m +no_defs",399960,1400040
"32PMV",32632,"+proj=utm +zone=32 +datum=WGS84 +units=m +no_defs",399960,1500000
"32PNA",32632,"+proj=utm +zone=32 +datum=WGS84 +units=m +no_defs",499980,1600020
"32PNB",32632,"+proj=utm +zone=32 +datum=WGS84 +units=m +no_defs",499980,1700040
"32PNC",32632,"+proj=utm +zone=32 +datum=WGS84 +units=m +no_defs",499980,1800000
"32PNQ",32632,"+proj=utm +zone=32 +datum=WGS84 +units=m +no_defs",499980,1000020
"32PNR",32632,"+proj=utm +zone=32 +datum=WGS84 +units=m +no_defs",499980,1100040
"32PNS",32632,"+proj=utm +zone=32 +datum=WGS84 +units=m +no_defs",499980,1200000
"32PNT",32632,"+proj=utm +zone=32 +datum=WGS84 +units=m +no_defs",499980,1300020
"32PNU",32632,"+proj=utm +zone=32 +datum=WGS84 +units=m +no_defs",499980,1400040
"32PNV",32632,"+proj=utm +zone=32 +datum=WGS84 +units=m +no_defs",499980,1500000
"32PPA",32632,"+proj=utm +zone=32 +datum=WGS84 +units=m +no_defs",6e+05,1600020
"32PPB",32632,"+proj=utm +zone=32 +datum=WGS84 +units=m +no_defs",6e+05,1700040
"32PPC",32632,"+proj=utm +zone=32 +datum=WGS84 +units=m +no_defs",6e+05,1800000
"32PPQ",32632,"+proj=utm +zone=32 +datum=WGS84 +units=m +no_defs",6e+05,1000020
"32PPR",32632,"+proj=utm +zone=32 +datum=WGS84 +units=m +no_defs",6e+05,1100040
"32PPS",32632,"+proj=utm +zone=32 +datum=WGS84 +units=m +no_defs",6e+05,1200000
"32PPT",32632,"+proj=utm +zone=32 +datum=WGS84 +units=m +no_defs",6e+05,1300020
"32PPU",32632,"+proj=utm +zone=32 +datum=WGS84 +units=m +no_defs",6e+05,1400040
"32PPV",32632,"+proj=utm +zone=32 +datum=WGS84 +units=m +no_defs",6e+05,1500000
"32PQA",32632,"+proj=utm +zone=32 +datum=WGS84 +units=m +no_defs",699960,1600020
"32PQB",32632,"+proj=utm +zone=32 +datum=WGS84 +units=m +no_defs",699960,1700040
"32PQC",32632,"+proj=utm +zone=32 +datum=WGS84 +units=m +no_defs",699960,1800000
"32PQQ",32632,"+proj=utm +zone=32 +datum=WGS84 +units=m +no_defs",699960,1000020
"32PQR",32632,"+proj=utm +zone=32 +datum=WGS84 +units=m +no_defs",699960,1100040
"32PQS",32632,"+proj=utm +zone=32 +datum=WGS84 +units=m +no_defs",699960,1200000
"32PQT",32632,"+proj=utm +zone=32 +datum=WGS84 +units=m +no_defs",699960,1300020
"32PQU",32632,"+proj=utm +zone=32 +datum=WGS84 +units=m +no_defs",699960,1400040
"32PQV",32632,"+proj=utm +zone=32 +datum=WGS84 +units=m +no_defs",699960,1500000
"32PRA",32632,"+proj=utm +zone=32 +datum=WGS84 +units=m +no_defs",799980,1600020
"32PRB",32632,"+proj=utm +zone=32 +datum=WGS84 +units=m +no_defs",799980,1700040
"32PRC",32632,"+proj=utm +zone=32 +datum=WGS84 +units=m +no_defs",799980,1800000
"32PRQ",32632,"+proj=utm +zone=32 +datum=WGS84 +units=m +no_defs",799980,1000020
"32PRR",32632,"+proj=utm +zone=32 +datum=WGS84 +units=m +no_defs",799980,1100040
"32PRS",32632,"+proj=utm +zone=32 +datum=WGS84 +units=m +no_defs",799980,1200000
"32PRT",32632,"+proj=utm +zone=32 +datum=WGS84 +units=m +no_defs",799980,1300020
"32PRU",32632,"+proj=utm +zone=32 +datum=WGS84 +units=m +no_defs",799980,1400040
"32PRV",32632,"+proj=utm +zone=32 +datum=WGS84 +units=m +no_defs",799980,1500000
"32QKD",32632,"+proj=utm +zone=32 +datum=WGS84 +units=m +no_defs",199980,1900020
"32QKE",32632,"+proj=utm +zone=32 +datum=WGS84 +units=m +no_defs",199980,2000040
"32QKF",32632,"+proj=utm +zone=32 +datum=WGS84 +units=m +no_defs",199980,2100000
"32QKG",32632,"+proj=utm +zone=32 +datum=WGS84 +units=m +no_defs",199980,2200020
"32QKH",32632,"+proj=utm +zone=32 +datum=WGS84 +units=m +no_defs",199980,2300040
"32QKJ",32632,"+proj=utm +zone=32 +datum=WGS84 +units=m +no_defs",199980,2400000
"32QKK",32632,"+proj=utm +zone=32 +datum=WGS84 +units=m +no_defs",199980,2500020
"32QKL",32632,"+proj=utm +zone=32 +datum=WGS84 +units=m +no_defs",199980,2600040
"32QKM",32632,"+proj=utm +zone=32 +datum=WGS84 +units=m +no_defs",199980,2700000
"32QLD",32632,"+proj=utm +zone=32 +datum=WGS84 +units=m +no_defs",3e+05,1900020
"32QLE",32632,"+proj=utm +zone=32 +datum=WGS84 +units=m +no_defs",3e+05,2000040
"32QLF",32632,"+proj=utm +zone=32 +datum=WGS84 +units=m +no_defs",3e+05,2100000
"32QLG",32632,"+proj=utm +zone=32 +datum=WGS84 +units=m +no_defs",3e+05,2200020
"32QLH",32632,"+proj=utm +zone=32 +datum=WGS84 +units=m +no_defs",3e+05,2300040
"32QLJ",32632,"+proj=utm +zone=32 +datum=WGS84 +units=m +no_defs",3e+05,2400000
"32QLK",32632,"+proj=utm +zone=32 +datum=WGS84 +units=m +no_defs",3e+05,2500020
"32QLL",32632,"+proj=utm +zone=32 +datum=WGS84 +units=m +no_defs",3e+05,2600040
"32QLM",32632,"+proj=utm +zone=32 +datum=WGS84 +units=m +no_defs",3e+05,2700000
"32QMD",32632,"+proj=utm +zone=32 +datum=WGS84 +units=m +no_defs",399960,1900020
"32QME",32632,"+proj=utm +zone=32 +datum=WGS84 +units=m +no_defs",399960,2000040
"32QMF",32632,"+proj=utm +zone=32 +datum=WGS84 +units=m +no_defs",399960,2100000
"32QMG",32632,"+proj=utm +zone=32 +datum=WGS84 +units=m +no_defs",399960,2200020
"32QMH",32632,"+proj=utm +zone=32 +datum=WGS84 +units=m +no_defs",399960,2300040
"32QMJ",32632,"+proj=utm +zone=32 +datum=WGS84 +units=m +no_defs",399960,2400000
"32QMK",32632,"+proj=utm +zone=32 +datum=WGS84 +units=m +no_defs",399960,2500020
"32QML",32632,"+proj=utm +zone=32 +datum=WGS84 +units=m +no_defs",399960,2600040
"32QMM",32632,"+proj=utm +zone=32 +datum=WGS84 +units=m +no_defs",399960,2700000
"32QND",32632,"+proj=utm +zone=32 +datum=WGS84 +units=m +no_defs",499980,1900020
"32QNE",32632,"+proj=utm +zone=32 +datum=WGS84 +units=m +no_defs",499980,2000040
"32QNF",32632,"+proj=utm +zone=32 +datum=WGS84 +units=m +no_defs",499980,2100000
"32QNG",32632,"+proj=utm +zone=32 +datum=WGS84 +units=m +no_defs",499980,2200020
"32QNH",32632,"+proj=utm +zone=32 +datum=WGS84 +units=m +no_defs",499980,2300040
"32QNJ",32632,"+proj=utm +zone=32 +datum=WGS84 +units=m +no_defs",499980,2400000
"32QNK",32632,"+proj=utm +zone=32 +datum=WGS84 +units=m +no_defs",499980,2500020
"32QNL",32632,"+proj=utm +zone=32 +datum=WGS84 +units=m +no_defs",499980,2600040
"32QNM",32632,"+proj=utm +zone=32 +datum=WGS84 +units=m +no_defs",499980,2700000
"32QPD",32632,"+proj=utm +zone=32 +datum=WGS84 +units=m +no_defs",6e+05,1900020
"32QPE",32632,"+proj=utm +zone=32 +datum=WGS84 +units=m +no_defs",6e+05,2000040
"32QPF",32632,"+proj=utm +zone=32 +datum=WGS84 +units=m +no_defs",6e+05,2100000
"32QPG",32632,"+proj=utm +zone=32 +datum=WGS84 +units=m +no_defs",6e+05,2200020
"32QPH",32632,"+proj=utm +zone=32 +datum=WGS84 +units=m +no_defs",6e+05,2300040
"32QPJ",32632,"+proj=utm +zone=32 +datum=WGS84 +units=m +no_defs",6e+05,2400000
"32QPK",32632,"+proj=utm +zone=32 +datum=WGS84 +units=m +no_defs",6e+05,2500020
"32QPL",32632,"+proj=utm +zone=32 +datum=WGS84 +units=m +no_defs",6e+05,2600040
"32QPM",32632,"+proj=utm +zone=32 +datum=WGS84 +units=m +no_defs",6e+05,2700000
"32QQD",32632,"+proj=utm +zone=32 +datum=WGS84 +units=m +no_defs",699960,1900020
"32QQE",32632,"+proj=utm +zone=32 +datum=WGS84 +units=m +no_defs",699960,2000040
"32QQF",32632,"+proj=utm +zone=32 +datum=WGS84 +units=m +no_defs",699960,2100000
"32QQG",32632,"+proj=utm +zone=32 +datum=WGS84 +units=m +no_defs",699960,2200020
"32QQH",32632,"+proj=utm +zone=32 +datum=WGS84 +units=m +no_defs",699960,2300040
"32QQJ",32632,"+proj=utm +zone=32 +datum=WGS84 +units=m +no_defs",699960,2400000
"32QQK",32632,"+proj=utm +zone=32 +datum=WGS84 +units=m +no_defs",699960,2500020
"32QQL",32632,"+proj=utm +zone=32 +datum=WGS84 +units=m +no_defs",699960,2600040
"32QQM",32632,"+proj=utm +zone=32 +datum=WGS84 +units=m +no_defs",699960,2700000
"32QRD",32632,"+proj=utm +zone=32 +datum=WGS84 +units=m +no_defs",799980,1900020
"32QRE",32632,"+proj=utm +zone=32 +datum=WGS84 +units=m +no_defs",799980,2000040
"32QRF",32632,"+proj=utm +zone=32 +datum=WGS84 +units=m +no_defs",799980,2100000
"32QRG",32632,"+proj=utm +zone=32 +datum=WGS84 +units=m +no_defs",799980,2200020
"32QRH",32632,"+proj=utm +zone=32 +datum=WGS84 +units=m +no_defs",799980,2300040
"32QRJ",32632,"+proj=utm +zone=32 +datum=WGS84 +units=m +no_defs",799980,2400000
"32QRK",32632,"+proj=utm +zone=32 +datum=WGS84 +units=m +no_defs",799980,2500020
"32QRL",32632,"+proj=utm +zone=32 +datum=WGS84 +units=m +no_defs",799980,2600040
"32QRM",32632,"+proj=utm +zone=32 +datum=WGS84 +units=m +no_defs",799980,2700000
"32RKN",32632,"+proj=utm +zone=32 +datum=WGS84 +units=m +no_defs",199980,2800020
"32RKP",32632,"+proj=utm +zone=32 +datum=WGS84 +units=m +no_defs",199980,2900040
"32RKQ",32632,"+proj=utm +zone=32 +datum=WGS84 +units=m +no_defs",199980,3e+06
"32RKR",32632,"+proj=utm +zone=32 +datum=WGS84 +units=m +no_defs",199980,3100020
"32RKS",32632,"+proj=utm +zone=32 +datum=WGS84 +units=m +no_defs",199980,3200040
"32RKT",32632,"+proj=utm +zone=32 +datum=WGS84 +units=m +no_defs",199980,3300000
"32RKU",32632,"+proj=utm +zone=32 +datum=WGS84 +units=m +no_defs",199980,3400020
"32RKV",32632,"+proj=utm +zone=32 +datum=WGS84 +units=m +no_defs",199980,3500040
"32RLN",32632,"+proj=utm +zone=32 +datum=WGS84 +units=m +no_defs",3e+05,2800020
"32RLP",32632,"+proj=utm +zone=32 +datum=WGS84 +units=m +no_defs",3e+05,2900040
"32RLQ",32632,"+proj=utm +zone=32 +datum=WGS84 +units=m +no_defs",3e+05,3e+06
"32RLR",32632,"+proj=utm +zone=32 +datum=WGS84 +units=m +no_defs",3e+05,3100020
"32RLS",32632,"+proj=utm +zone=32 +datum=WGS84 +units=m +no_defs",3e+05,3200040
"32RLT",32632,"+proj=utm +zone=32 +datum=WGS84 +units=m +no_defs",3e+05,3300000
"32RLU",32632,"+proj=utm +zone=32 +datum=WGS84 +units=m +no_defs",3e+05,3400020
"32RLV",32632,"+proj=utm +zone=32 +datum=WGS84 +units=m +no_defs",3e+05,3500040
"32RMN",32632,"+proj=utm +zone=32 +datum=WGS84 +units=m +no_defs",399960,2800020
"32RMP",32632,"+proj=utm +zone=32 +datum=WGS84 +units=m +no_defs",399960,2900040
"32RMQ",32632,"+proj=utm +zone=32 +datum=WGS84 +units=m +no_defs",399960,3e+06
"32RMR",32632,"+proj=utm +zone=32 +datum=WGS84 +units=m +no_defs",399960,3100020
"32RMS",32632,"+proj=utm +zone=32 +datum=WGS84 +units=m +no_defs",399960,3200040
"32RMT",32632,"+proj=utm +zone=32 +datum=WGS84 +units=m +no_defs",399960,3300000
"32RMU",32632,"+proj=utm +zone=32 +datum=WGS84 +units=m +no_defs",399960,3400020
"32RMV",32632,"+proj=utm +zone=32 +datum=WGS84 +units=m +no_defs",399960,3500040
"32RNN",32632,"+proj=utm +zone=32 +datum=WGS84 +units=m +no_defs",499980,2800020
"32RNP",32632,"+proj=utm +zone=32 +datum=WGS84 +units=m +no_defs",499980,2900040
"32RNQ",32632,"+proj=utm +zone=32 +datum=WGS84 +units=m +no_defs",499980,3e+06
"32RNR",32632,"+proj=utm +zone=32 +datum=WGS84 +units=m +no_defs",499980,3100020
"32RNS",32632,"+proj=utm +zone=32 +datum=WGS84 +units=m +no_defs",499980,3200040
"32RNT",32632,"+proj=utm +zone=32 +datum=WGS84 +units=m +no_defs",499980,3300000
"32RNU",32632,"+proj=utm +zone=32 +datum=WGS84 +units=m +no_defs",499980,3400020
"32RNV",32632,"+proj=utm +zone=32 +datum=WGS84 +units=m +no_defs",499980,3500040
"32RPN",32632,"+proj=utm +zone=32 +datum=WGS84 +units=m +no_defs",6e+05,2800020
"32RPP",32632,"+proj=utm +zone=32 +datum=WGS84 +units=m +no_defs",6e+05,2900040
"32RPQ",32632,"+proj=utm +zone=32 +datum=WGS84 +units=m +no_defs",6e+05,3e+06
"32RPR",32632,"+proj=utm +zone=32 +datum=WGS84 +units=m +no_defs",6e+05,3100020
"32RPS",32632,"+proj=utm +zone=32 +datum=WGS84 +units=m +no_defs",6e+05,3200040
"32RPT",32632,"+proj=utm +zone=32 +datum=WGS84 +units=m +no_defs",6e+05,3300000
"32RPU",32632,"+proj=utm +zone=32 +datum=WGS84 +units=m +no_defs",6e+05,3400020
"32RPV",32632,"+proj=utm +zone=32 +datum=WGS84 +units=m +no_defs",6e+05,3500040
"32RQN",32632,"+proj=utm +zone=32 +datum=WGS84 +units=m +no_defs",699960,2800020
"32RQP",32632,"+proj=utm +zone=32 +datum=WGS84 +units=m +no_defs",699960,2900040
"32RQQ",32632,"+proj=utm +zone=32 +datum=WGS84 +units=m +no_defs",699960,3e+06
"32RQR",32632,"+proj=utm +zone=32 +datum=WGS84 +units=m +no_defs",699960,3100020
"32RQS",32632,"+proj=utm +zone=32 +datum=WGS84 +units=m +no_defs",699960,3200040
"32RQT",32632,"+proj=utm +zone=32 +datum=WGS84 +units=m +no_defs",699960,3300000
"32RQU",32632,"+proj=utm +zone=32 +datum=WGS84 +units=m +no_defs",699960,3400020
"32RQV",32632,"+proj=utm +zone=32 +datum=WGS84 +units=m +no_defs",699960,3500040
"32RRN",32632,"+proj=utm +zone=32 +datum=WGS84 +units=m +no_defs",799980,2800020
"32RRP",32632,"+proj=utm +zone=32 +datum=WGS84 +units=m +no_defs",799980,2900040
"32SKA",32632,"+proj=utm +zone=32 +datum=WGS84 +units=m +no_defs",199980,3600000
"32SKB",32632,"+proj=utm +zone=32 +datum=WGS84 +units=m +no_defs",199980,3700020
"32SKC",32632,"+proj=utm +zone=32 +datum=WGS84 +units=m +no_defs",199980,3800040
"32SKD",32632,"+proj=utm +zone=32 +datum=WGS84 +units=m +no_defs",199980,3900000
"32SKE",32632,"+proj=utm +zone=32 +datum=WGS84 +units=m +no_defs",199980,4000020
"32SKF",32632,"+proj=utm +zone=32 +datum=WGS84 +units=m +no_defs",199980,4100040
"32SKG",32632,"+proj=utm +zone=32 +datum=WGS84 +units=m +no_defs",199980,4200000
"32SKH",32632,"+proj=utm +zone=32 +datum=WGS84 +units=m +no_defs",199980,4300020
"32SKJ",32632,"+proj=utm +zone=32 +datum=WGS84 +units=m +no_defs",199980,4400040
"32SLA",32632,"+proj=utm +zone=32 +datum=WGS84 +units=m +no_defs",3e+05,3600000
"32SLB",32632,"+proj=utm +zone=32 +datum=WGS84 +units=m +no_defs",3e+05,3700020
"32SLC",32632,"+proj=utm +zone=32 +datum=WGS84 +units=m +no_defs",3e+05,3800040
"32SLD",32632,"+proj=utm +zone=32 +datum=WGS84 +units=m +no_defs",3e+05,3900000
"32SLE",32632,"+proj=utm +zone=32 +datum=WGS84 +units=m +no_defs",3e+05,4000020
"32SLF",32632,"+proj=utm +zone=32 +datum=WGS84 +units=m +no_defs",3e+05,4100040
"32SLG",32632,"+proj=utm +zone=32 +datum=WGS84 +units=m +no_defs",3e+05,4200000
"32SLH",32632,"+proj=utm +zone=32 +datum=WGS84 +units=m +no_defs",3e+05,4300020
"32SLJ",32632,"+proj=utm +zone=32 +datum=WGS84 +units=m +no_defs",3e+05,4400040
"32SMA",32632,"+proj=utm +zone=32 +datum=WGS84 +units=m +no_defs",399960,3600000
"32SMB",32632,"+proj=utm +zone=32 +datum=WGS84 +units=m +no_defs",399960,3700020
"32SMC",32632,"+proj=utm +zone=32 +datum=WGS84 +units=m +no_defs",399960,3800040
"32SMD",32632,"+proj=utm +zone=32 +datum=WGS84 +units=m +no_defs",399960,3900000
"32SME",32632,"+proj=utm +zone=32 +datum=WGS84 +units=m +no_defs",399960,4000020
"32SMF",32632,"+proj=utm +zone=32 +datum=WGS84 +units=m +no_defs",399960,4100040
"32SMG",32632,"+proj=utm +zone=32 +datum=WGS84 +units=m +no_defs",399960,4200000
"32SMH",32632,"+proj=utm +zone=32 +datum=WGS84 +units=m +no_defs",399960,4300020
"32SMJ",32632,"+proj=utm +zone=32 +datum=WGS84 +units=m +no_defs",399960,4400040
"32SNA",32632,"+proj=utm +zone=32 +datum=WGS84 +units=m +no_defs",499980,3600000
"32SNB",32632,"+proj=utm +zone=32 +datum=WGS84 +units=m +no_defs",499980,3700020
"32SNC",32632,"+proj=utm +zone=32 +datum=WGS84 +units=m +no_defs",499980,3800040
"32SND",32632,"+proj=utm +zone=32 +datum=WGS84 +units=m +no_defs",499980,3900000
"32SNE",32632,"+proj=utm +zone=32 +datum=WGS84 +units=m +no_defs",499980,4000020
"32SNF",32632,"+proj=utm +zone=32 +datum=WGS84 +units=m +no_defs",499980,4100040
"32SNG",32632,"+proj=utm +zone=32 +datum=WGS84 +units=m +no_defs",499980,4200000
"32SNH",32632,"+proj=utm +zone=32 +datum=WGS84 +units=m +no_defs",499980,4300020
"32SNJ",32632,"+proj=utm +zone=32 +datum=WGS84 +units=m +no_defs",499980,4400040
"32SPA",32632,"+proj=utm +zone=32 +datum=WGS84 +units=m +no_defs",6e+05,3600000
"32SPB",32632,"+proj=utm +zone=32 +datum=WGS84 +units=m +no_defs",6e+05,3700020
"32SPC",32632,"+proj=utm +zone=32 +datum=WGS84 +units=m +no_defs",6e+05,3800040
"32SPD",32632,"+proj=utm +zone=32 +datum=WGS84 +units=m +no_defs",6e+05,3900000
"32SPE",32632,"+proj=utm +zone=32 +datum=WGS84 +units=m +no_defs",6e+05,4000020
"32SPF",32632,"+proj=utm +zone=32 +datum=WGS84 +units=m +no_defs",6e+05,4100040
"32SPG",32632,"+proj=utm +zone=32 +datum=WGS84 +units=m +no_defs",6e+05,4200000
"32SPH",32632,"+proj=utm +zone=32 +datum=WGS84 +units=m +no_defs",6e+05,4300020
"32SPJ",32632,"+proj=utm +zone=32 +datum=WGS84 +units=m +no_defs",6e+05,4400040
"32SQA",32632,"+proj=utm +zone=32 +datum=WGS84 +units=m +no_defs",699960,3600000
"32SQB",32632,"+proj=utm +zone=32 +datum=WGS84 +units=m +no_defs",699960,3700020
"32SQC",32632,"+proj=utm +zone=32 +datum=WGS84 +units=m +no_defs",699960,3800040
"32SQD",32632,"+proj=utm +zone=32 +datum=WGS84 +units=m +no_defs",699960,3900000
"32SQE",32632,"+proj=utm +zone=32 +datum=WGS84 +units=m +no_defs",699960,4000020
"32SQF",32632,"+proj=utm +zone=32 +datum=WGS84 +units=m +no_defs",699960,4100040
"32SQG",32632,"+proj=utm +zone=32 +datum=WGS84 +units=m +no_defs",699960,4200000
"32SQH",32632,"+proj=utm +zone=32 +datum=WGS84 +units=m +no_defs",699960,4300020
"32SQJ",32632,"+proj=utm +zone=32 +datum=WGS84 +units=m +no_defs",699960,4400040
"32TKK",32632,"+proj=utm +zone=32 +datum=WGS84 +units=m +no_defs",199980,4500000
"32TKL",32632,"+proj=utm +zone=32 +datum=WGS84 +units=m +no_defs",199980,4600020
"32TKM",32632,"+proj=utm +zone=32 +datum=WGS84 +units=m +no_defs",199980,4700040
"32TLK",32632,"+proj=utm +zone=32 +datum=WGS84 +units=m +no_defs",3e+05,4500000
"32TLL",32632,"+proj=utm +zone=32 +datum=WGS84 +units=m +no_defs",3e+05,4600020
"32TLM",32632,"+proj=utm +zone=32 +datum=WGS84 +units=m +no_defs",3e+05,4700040
"32TLN",32632,"+proj=utm +zone=32 +datum=WGS84 +units=m +no_defs",3e+05,4800000
"32TLP",32632,"+proj=utm +zone=32 +datum=WGS84 +units=m +no_defs",3e+05,4900020
"32TLQ",32632,"+proj=utm +zone=32 +datum=WGS84 +units=m +no_defs",3e+05,5000040
"32TLR",32632,"+proj=utm +zone=32 +datum=WGS84 +units=m +no_defs",3e+05,5100000
"32TLS",32632,"+proj=utm +zone=32 +datum=WGS84 +units=m +no_defs",3e+05,5200020
"32TLT",32632,"+proj=utm +zone=32 +datum=WGS84 +units=m +no_defs",3e+05,5300040
"32TMK",32632,"+proj=utm +zone=32 +datum=WGS84 +units=m +no_defs",399960,4500000
"32TML",32632,"+proj=utm +zone=32 +datum=WGS84 +units=m +no_defs",399960,4600020
"32TMM",32632,"+proj=utm +zone=32 +datum=WGS84 +units=m +no_defs",399960,4700040
"32TMN",32632,"+proj=utm +zone=32 +datum=WGS84 +units=m +no_defs",399960,4800000
"32TMP",32632,"+proj=utm +zone=32 +datum=WGS84 +units=m +no_defs",399960,4900020
"32TMQ",32632,"+proj=utm +zone=32 +datum=WGS84 +units=m +no_defs",399960,5000040
"32TMR",32632,"+proj=utm +zone=32 +datum=WGS84 +units=m +no_defs",399960,5100000
"32TMS",32632,"+proj=utm +zone=32 +datum=WGS84 +units=m +no_defs",399960,5200020
"32TMT",32632,"+proj=utm +zone=32 +datum=WGS84 +units=m +no_defs",399960,5300040
"32TNK",32632,"+proj=utm +zone=32 +datum=WGS84 +units=m +no_defs",499980,4500000
"32TNL",32632,"+proj=utm +zone=32 +datum=WGS84 +units=m +no_defs",499980,4600020
"32TNM",32632,"+proj=utm +zone=32 +datum=WGS84 +units=m +no_defs",499980,4700040
"32TNN",32632,"+proj=utm +zone=32 +datum=WGS84 +units=m +no_defs",499980,4800000
"32TNP",32632,"+proj=utm +zone=32 +datum=WGS84 +units=m +no_defs",499980,4900020
"32TNQ",32632,"+proj=utm +zone=32 +datum=WGS84 +units=m +no_defs",499980,5000040
"32TNR",32632,"+proj=utm +zone=32 +datum=WGS84 +units=m +no_defs",499980,5100000
"32TNS",32632,"+proj=utm +zone=32 +datum=WGS84 +units=m +no_defs",499980,5200020
"32TNT",32632,"+proj=utm +zone=32 +datum=WGS84 +units=m +no_defs",499980,5300040
"32TPK",32632,"+proj=utm +zone=32 +datum=WGS84 +units=m +no_defs",6e+05,4500000
"32TPL",32632,"+proj=utm +zone=32 +datum=WGS84 +units=m +no_defs",6e+05,4600020
"32TPM",32632,"+proj=utm +zone=32 +datum=WGS84 +units=m +no_defs",6e+05,4700040
"32TPN",32632,"+proj=utm +zone=32 +datum=WGS84 +units=m +no_defs",6e+05,4800000
"32TPP",32632,"+proj=utm +zone=32 +datum=WGS84 +units=m +no_defs",6e+05,4900020
"32TPQ",32632,"+proj=utm +zone=32 +datum=WGS84 +units=m +no_defs",6e+05,5000040
"32TPR",32632,"+proj=utm +zone=32 +datum=WGS84 +units=m +no_defs",6e+05,5100000
"32TPS",32632,"+proj=utm +zone=32 +datum=WGS84 +units=m +no_defs",6e+05,5200020
"32TPT",32632,"+proj=utm +zone=32 +datum=WGS84 +units=m +no_defs",6e+05,5300040
"32TQK",32632,"+proj=utm +zone=32 +datum=WGS84 +units=m +no_defs",699960,4500000
"32TQL",32632,"+proj=utm +zone=32 +datum=WGS84 +units=m +no_defs",699960,4600020
"32TQM",32632,"+proj=utm +zone=32 +datum=WGS84 +units=m +no_defs",699960,4700040
"32TQN",32632,"+proj=utm +zone=32 +datum=WGS84 +units=m +no_defs",699960,4800000
"32TQP",32632,"+proj=utm +zone=32 +datum=WGS84 +units=m +no_defs",699960,4900020
"32TQQ",32632,"+proj=utm +zone=32 +datum=WGS84 +units=m +no_defs",699960,5000040
"32TQR",32632,"+proj=utm +zone=32 +datum=WGS84 +units=m +no_defs",699960,5100000
"32TQS",32632,"+proj=utm +zone=32 +datum=WGS84 +units=m +no_defs",699960,5200020
"32TQT",32632,"+proj=utm +zone=32 +datum=WGS84 +units=m +no_defs",699960,5300040
"32ULA",32632,"+proj=utm +zone=32 +datum=WGS84 +units=m +no_defs",3e+05,5600040
"32ULB",32632,"+proj=utm +zone=32 +datum=WGS84 +units=m +no_defs",3e+05,5700000
"32ULC",32632,"+proj=utm +zone=32 +datum=WGS84 +units=m +no_defs",3e+05,5800020
"32ULD",32632,"+proj=utm +zone=32 +datum=WGS84 +units=m +no_defs",3e+05,5900040
"32ULE",32632,"+proj=utm +zone=32 +datum=WGS84 +units=m +no_defs",3e+05,6e+06
"32ULF",32632,"+proj=utm +zone=32 +datum=WGS84 +units=m +no_defs",3e+05,6100020
"32ULG",32632,"+proj=utm +zone=32 +datum=WGS84 +units=m +no_defs",3e+05,6200040
"32ULU",32632,"+proj=utm +zone=32 +datum=WGS84 +units=m +no_defs",3e+05,5400000
"32ULV",32632,"+proj=utm +zone=32 +datum=WGS84 +units=m +no_defs",3e+05,5500020
"32UMA",32632,"+proj=utm +zone=32 +datum=WGS84 +units=m +no_defs",399960,5600040
"32UMB",32632,"+proj=utm +zone=32 +datum=WGS84 +units=m +no_defs",399960,5700000
"32UMC",32632,"+proj=utm +zone=32 +datum=WGS84 +units=m +no_defs",399960,5800020
"32UMD",32632,"+proj=utm +zone=32 +datum=WGS84 +units=m +no_defs",399960,5900040
"32UME",32632,"+proj=utm +zone=32 +datum=WGS84 +units=m +no_defs",399960,6e+06
"32UMF",32632,"+proj=utm +zone=32 +datum=WGS84 +units=m +no_defs",399960,6100020
"32UMG",32632,"+proj=utm +zone=32 +datum=WGS84 +units=m +no_defs",399960,6200040
"32UMU",32632,"+proj=utm +zone=32 +datum=WGS84 +units=m +no_defs",399960,5400000
"32UMV",32632,"+proj=utm +zone=32 +datum=WGS84 +units=m +no_defs",399960,5500020
"32UNA",32632,"+proj=utm +zone=32 +datum=WGS84 +units=m +no_defs",499980,5600040
"32UNB",32632,"+proj=utm +zone=32 +datum=WGS84 +units=m +no_defs",499980,5700000
"32UNC",32632,"+proj=utm +zone=32 +datum=WGS84 +units=m +no_defs",499980,5800020
"32UND",32632,"+proj=utm +zone=32 +datum=WGS84 +units=m +no_defs",499980,5900040
"32UNE",32632,"+proj=utm +zone=32 +datum=WGS84 +units=m +no_defs",499980,6e+06
"32UNF",32632,"+proj=utm +zone=32 +datum=WGS84 +units=m +no_defs",499980,6100020
"32UNG",32632,"+proj=utm +zone=32 +datum=WGS84 +units=m +no_defs",499980,6200040
"32UNU",32632,"+proj=utm +zone=32 +datum=WGS84 +units=m +no_defs",499980,5400000
"32UNV",32632,"+proj=utm +zone=32 +datum=WGS84 +units=m +no_defs",499980,5500020
"32UPA",32632,"+proj=utm +zone=32 +datum=WGS84 +units=m +no_defs",6e+05,5600040
"32UPB",32632,"+proj=utm +zone=32 +datum=WGS84 +units=m +no_defs",6e+05,5700000
"32UPC",32632,"+proj=utm +zone=32 +datum=WGS84 +units=m +no_defs",6e+05,5800020
"32UPD",32632,"+proj=utm +zone=32 +datum=WGS84 +units=m +no_defs",6e+05,5900040
"32UPE",32632,"+proj=utm +zone=32 +datum=WGS84 +units=m +no_defs",6e+05,6e+06
"32UPF",32632,"+proj=utm +zone=32 +datum=WGS84 +units=m +no_defs",6e+05,6100020
"32UPG",32632,"+proj=utm +zone=32 +datum=WGS84 +units=m +no_defs",6e+05,6200040
"32UPU",32632,"+proj=utm +zone=32 +datum=WGS84 +units=m +no_defs",6e+05,5400000
"32UPV",32632,"+proj=utm +zone=32 +datum=WGS84 +units=m +no_defs",6e+05,5500020
"32UQA",32632,"+proj=utm +zone=32 +datum=WGS84 +units=m +no_defs",699960,5600040
"32UQB",32632,"+proj=utm +zone=32 +datum=WGS84 +units=m +no_defs",699960,5700000
"32UQC",32632,"+proj=utm +zone=32 +datum=WGS84 +units=m +no_defs",699960,5800020
"32UQD",32632,"+proj=utm +zone=32 +datum=WGS84 +units=m +no_defs",699960,5900040
"32UQE",32632,"+proj=utm +zone=32 +datum=WGS84 +units=m +no_defs",699960,6e+06
"32UQU",32632,"+proj=utm +zone=32 +datum=WGS84 +units=m +no_defs",699960,5400000
"32UQV",32632,"+proj=utm +zone=32 +datum=WGS84 +units=m +no_defs",699960,5500020
"32VKJ",32632,"+proj=utm +zone=32 +datum=WGS84 +units=m +no_defs",199980,6400020
"32VKK",32632,"+proj=utm +zone=32 +datum=WGS84 +units=m +no_defs",199980,6500040
"32VKL",32632,"+proj=utm +zone=32 +datum=WGS84 +units=m +no_defs",199980,6600000
"32VKM",32632,"+proj=utm +zone=32 +datum=WGS84 +units=m +no_defs",199980,6700020
"32VKN",32632,"+proj=utm +zone=32 +datum=WGS84 +units=m +no_defs",199980,6800040
"32VKP",32632,"+proj=utm +zone=32 +datum=WGS84 +units=m +no_defs",199980,6900000
"32VKQ",32632,"+proj=utm +zone=32 +datum=WGS84 +units=m +no_defs",199980,7000020
"32VKR",32632,"+proj=utm +zone=32 +datum=WGS84 +units=m +no_defs",199980,7100040
"32VLH",32632,"+proj=utm +zone=32 +datum=WGS84 +units=m +no_defs",3e+05,6300000
"32VLJ",32632,"+proj=utm +zone=32 +datum=WGS84 +units=m +no_defs",3e+05,6400020
"32VLK",32632,"+proj=utm +zone=32 +datum=WGS84 +units=m +no_defs",3e+05,6500040
"32VLL",32632,"+proj=utm +zone=32 +datum=WGS84 +units=m +no_defs",3e+05,6600000
"32VLM",32632,"+proj=utm +zone=32 +datum=WGS84 +units=m +no_defs",3e+05,6700020
"32VLN",32632,"+proj=utm +zone=32 +datum=WGS84 +units=m +no_defs",3e+05,6800040
"32VLP",32632,"+proj=utm +zone=32 +datum=WGS84 +units=m +no_defs",3e+05,6900000
"32VLQ",32632,"+proj=utm +zone=32 +datum=WGS84 +units=m +no_defs",3e+05,7000020
"32VLR",32632,"+proj=utm +zone=32 +datum=WGS84 +units=m +no_defs",3e+05,7100040
"32VMH",32632,"+proj=utm +zone=32 +datum=WGS84 +units=m +no_defs",399960,6300000
"32VMJ",32632,"+proj=utm +zone=32 +datum=WGS84 +units=m +no_defs",399960,6400020
"32VMK",32632,"+proj=utm +zone=32 +datum=WGS84 +units=m +no_defs",399960,6500040
"32VML",32632,"+proj=utm +zone=32 +datum=WGS84 +units=m +no_defs",399960,6600000
"32VMM",32632,"+proj=utm +zone=32 +datum=WGS84 +units=m +no_defs",399960,6700020
"32VMN",32632,"+proj=utm +zone=32 +datum=WGS84 +units=m +no_defs",399960,6800040
"32VMP",32632,"+proj=utm +zone=32 +datum=WGS84 +units=m +no_defs",399960,6900000
"32VMQ",32632,"+proj=utm +zone=32 +datum=WGS84 +units=m +no_defs",399960,7000020
"32VMR",32632,"+proj=utm +zone=32 +datum=WGS84 +units=m +no_defs",399960,7100040
"32VNH",32632,"+proj=utm +zone=32 +datum=WGS84 +units=m +no_defs",499980,6300000
"32VNJ",32632,"+proj=utm +zone=32 +datum=WGS84 +units=m +no_defs",499980,6400020
"32VNK",32632,"+proj=utm +zone=32 +datum=WGS84 +units=m +no_defs",499980,6500040
"32VNL",32632,"+proj=utm +zone=32 +datum=WGS84 +units=m +no_defs",499980,6600000
"32VNM",32632,"+proj=utm +zone=32 +datum=WGS84 +units=m +no_defs",499980,6700020
"32VNN",32632,"+proj=utm +zone=32 +datum=WGS84 +units=m +no_defs",499980,6800040
"32VNP",32632,"+proj=utm +zone=32 +datum=WGS84 +units=m +no_defs",499980,6900000
"32VNQ",32632,"+proj=utm +zone=32 +datum=WGS84 +units=m +no_defs",499980,7000020
"32VNR",32632,"+proj=utm +zone=32 +datum=WGS84 +units=m +no_defs",499980,7100040
"32VPH",32632,"+proj=utm +zone=32 +datum=WGS84 +units=m +no_defs",6e+05,6300000
"32VPJ",32632,"+proj=utm +zone=32 +datum=WGS84 +units=m +no_defs",6e+05,6400020
"32VPK",32632,"+proj=utm +zone=32 +datum=WGS84 +units=m +no_defs",6e+05,6500040
"32VPL",32632,"+proj=utm +zone=32 +datum=WGS84 +units=m +no_defs",6e+05,6600000
"32VPM",32632,"+proj=utm +zone=32 +datum=WGS84 +units=m +no_defs",6e+05,6700020
"32VPN",32632,"+proj=utm +zone=32 +datum=WGS84 +units=m +no_defs",6e+05,6800040
"32VPP",32632,"+proj=utm +zone=32 +datum=WGS84 +units=m +no_defs",6e+05,6900000
"32VPQ",32632,"+proj=utm +zone=32 +datum=WGS84 +units=m +no_defs",6e+05,7000020
"32VPR",32632,"+proj=utm +zone=32 +datum=WGS84 +units=m +no_defs",6e+05,7100040
"32WMA",32632,"+proj=utm +zone=32 +datum=WGS84 +units=m +no_defs",399960,7600020
"32WMB",32632,"+proj=utm +zone=32 +datum=WGS84 +units=m +no_defs",399960,7700040
"32WMC",32632,"+proj=utm +zone=32 +datum=WGS84 +units=m +no_defs",399960,7800000
"32WMD",32632,"+proj=utm +zone=32 +datum=WGS84 +units=m +no_defs",399960,7900020
"32WMS",32632,"+proj=utm +zone=32 +datum=WGS84 +units=m +no_defs",399960,7200000
"32WMT",32632,"+proj=utm +zone=32 +datum=WGS84 +units=m +no_defs",399960,7300020
"32WMU",32632,"+proj=utm +zone=32 +datum=WGS84 +units=m +no_defs",399960,7400040
"32WMV",32632,"+proj=utm +zone=32 +datum=WGS84 +units=m +no_defs",399960,7500000
"32WNA",32632,"+proj=utm +zone=32 +datum=WGS84 +units=m +no_defs",499980,7600020
"32WNB",32632,"+proj=utm +zone=32 +datum=WGS84 +units=m +no_defs",499980,7700040
"32WNC",32632,"+proj=utm +zone=32 +datum=WGS84 +units=m +no_defs",499980,7800000
"32WND",32632,"+proj=utm +zone=32 +datum=WGS84 +units=m +no_defs",499980,7900020
"32WNE",32632,"+proj=utm +zone=32 +datum=WGS84 +units=m +no_defs",499980,8000040
"32WNS",32632,"+proj=utm +zone=32 +datum=WGS84 +units=m +no_defs",499980,7200000
"32WNT",32632,"+proj=utm +zone=32 +datum=WGS84 +units=m +no_defs",499980,7300020
"32WNU",32632,"+proj=utm +zone=32 +datum=WGS84 +units=m +no_defs",499980,7400040
"32WNV",32632,"+proj=utm +zone=32 +datum=WGS84 +units=m +no_defs",499980,7500000
"32WPA",32632,"+proj=utm +zone=32 +datum=WGS84 +units=m +no_defs",6e+05,7600020
"32WPB",32632,"+proj=utm +zone=32 +datum=WGS84 +units=m +no_defs",6e+05,7700040
"32WPC",32632,"+proj=utm +zone=32 +datum=WGS84 +units=m +no_defs",6e+05,7800000
"32WPD",32632,"+proj=utm +zone=32 +datum=WGS84 +units=m +no_defs",6e+05,7900020
"32WPE",32632,"+proj=utm +zone=32 +datum=WGS84 +units=m +no_defs",6e+05,8000040
"32WPS",32632,"+proj=utm +zone=32 +datum=WGS84 +units=m +no_defs",6e+05,7200000
"32WPT",32632,"+proj=utm +zone=32 +datum=WGS84 +units=m +no_defs",6e+05,7300020
"32WPU",32632,"+proj=utm +zone=32 +datum=WGS84 +units=m +no_defs",6e+05,7400040
"32WPV",32632,"+proj=utm +zone=32 +datum=WGS84 +units=m +no_defs",6e+05,7500000
